Country,State,Incident description,Vehicle model,Mode,Damage description,Injury description,Vehicle status,Fault,Weather,Time of Day,Road Conditions,Driverless,Collision Type,Vehicle type,Date,Time,Google Street View,Latitude,Longitude
United States,California,The AV driver made contact with the left side mirror of a parked car.,Toyota Highlander,Conventional,Front right sensor housing,No injury,Moving,In-vehicle AV driver,Clear,"Night, with street lights",Dry,No,Side swipe,Passenger car,11/10/2023,20:11,"https://www.google.com/maps/@?api=1&map_action=pano&viewpoint=37.796556,-122.402556",37.796556,-122.402556
United States,California,"A crowd of people celebrating on the street stopped the AV, painted graffiti on its side and then bashed the windows and threw a firework inside, setting the AV on fire.",Jaguar I-Pace,Autonomous,Damaged beyond repair,No injury,Stationary,Pedestrian,Clear,"Night, with street lights",Dry,Yes,Other,Passenger car,09/02/2024,21:03,"https://www.google.com/maps/@?api=1&map_action=pano&viewpoint=37.795989,-122.407062",37.795989,-122.407062
United States,California,The AV traveling straight encountered a double-parked Hino flatback truck. The AV began to maneuver around the stationary truck when it made slight contact with the left rear of the truck.,Toyota Highlander,Autonomous,Passenger side door,No injury,Moving,AV technology,Clear,Daylight,Dry,No,Unknown,Passenger car,20/01/2020,11:07,"https://www.google.com/maps/@?api=1&map_action=pano&viewpoint=37.797501,-122.409900",37.797501,-122.4099
United States,California,The AV activated its right turn signal and prepared to make a right turn. The AV stopped to yield to a pedestrian who was in the adjacent crosswalk. A Honda behind the AV made contact with the rear of the AV.,Jaguar I-Pace,Autonomous,Rear bumper,No injury,Stationary,Driver of another vehicle,Cloudy,Daylight,Dry,No,Rear-end,Passenger car,05/11/2021,16:27,"https://www.google.com/maps/@?api=1&map_action=pano&viewpoint=37.796530,-122.410156",37.79653,-122.410156
United States,California,"The AV was stopped waiting for a pedestrian to clear the crosswalk, then initiated a right turn, while a Toyota Highlander directly behind the AV rear-ended the AV.",Chevrolet Bolt,Autonomous,Rear bumper,No injury,Moving,Driver of another vehicle,Cloudy,Daylight,Dry,No,Rear-end,Passenger car,21/05/2018,7:27,"https://www.google.com/maps/@?api=1&map_action=pano&viewpoint=37.795618,-122.409900",37.795618,-122.4099
United States,California,"The AV driver, intending to pull out of the parking spot, put the AV into reverse rather than drive and contacted the vehicle parked directly behind the AV.",Chevrolet Bolt,Conventional,Scratches to rear bumper,No injury,Moving,In-vehicle AV driver,Clear,Daylight,Dry,No,Rear-end,Passenger car,24/05/2018,18:37,"https://www.google.com/maps/@?api=1&map_action=pano&viewpoint=37.795065,-122.414626",37.795065,-122.414626
United States,California,The AV was stopped waiting for traffic to clear the intersection before making a left turn. A Honda Accord directly behind collided with the AV.,Chevrolet Bolt,Autonomous,Center of the rear bumper,"The AV driver later experienced neck stiffness, sought medical treatment",Stationary,Driver of another vehicle,Clear,Dusk,Dry,No,Rear-end,Passenger car,02/06/2018,20:29,"https://www.google.com/maps/@?api=1&map_action=pano&viewpoint=37.793766,-122.417969",37.793766,-122.417969
United States,California,"The AV approached a green light and signaled a right turn when a pedestrian entered the adjacent crosswalk in accordance with the pedestrian WALK signal. As the AV began to slow, the AV driver disengaged autonomous mode, a few seconds later, a Honda Civis approached from behind and made contact with the AV.",Jaguar I-Pace,Disengagement,Rear bumper,No injury,Moving,Driver of another vehicle,Clear,Daylight,Dry,No,Rear-end,Passenger car,27/02/2022,13:00,"https://www.google.com/maps/@?api=1&map_action=pano&viewpoint=37.794174,-122.421486",37.794174,-122.421486
United States,California,"The AV made contact with a downed power cable stretching across the street and came to a stop. Cruise was informed by law enforcement to keep the AV stationary until the power cables were cleared. During the time that the power cable was being cleard and that the AV was stopped, the AV ran low on battery power and did not have enough power to return to Cruise facilities on its own. The AV was therefore towed from the scene once the power cables were cleared.",Chevrolet Bolt,Autonomous,Front fascia,No injury,Moving,AV technology,Raining,"Night, with street lights",Wet,Yes,Hit object,Passenger car,21/03/2023,4:29,"https://www.google.com/maps/@?api=1&map_action=pano&viewpoint=37.792250,-122.421051",37.79225,-122.421051
United States,California,The AV was traveling through the intersection when an Audi A4 made contact with the AV.,Chevrolet Bolt,Autonomous,Right brake light assembly,No injury,Moving,Driver of another vehicle,Clear,Daylight,Dry,No,Unknown,Passenger car,07/06/2019,9:01,"https://www.google.com/maps/@?api=1&map_action=pano&viewpoint=37.792184,-122.422775",37.792184,-122.422775
United States,California,The AV was stopped at a red light when a BMW 325i struck the AV from behind.,Jaguar I-Pace,Autonomous,Rear bumper,No injury,Stationary,Driver of another vehicle,Clear,"Night, with street lights",Dry,No,Rear-end,Passenger car,27/11/2021,18:07,"https://www.google.com/maps/@?api=1&map_action=pano&viewpoint=37.791945,-122.424499",37.791945,-122.424499
United States,California,The AV made contact with a downed power cable and came to a stop.,Chevrolet Bolt,Autonomous,Front left radar assembly,No injury,Moving,AV technology,Raining,"Night, with street lights",Wet,Yes,Hit object,Passenger car,20/03/2023,21:48,"https://www.google.com/maps/@?api=1&map_action=pano&viewpoint=37.793009,-122.416324",37.793009,-122.416324
United States,California,The AV driver disengaged autonomous mode to maneuver past an oncoming vehicle that was drifting toward the AV. The AV driver the made contact with an unoccupied parked Honda CR-V.,Chrysler Pacifica,Disengagement,Passenger side view mirror,No injury,Moving,In-vehicle AV driver,Clear,Daylight,Dry,No,Unknown,Passenger car,03/04/2021,8:50,"https://www.google.com/maps/@?api=1&map_action=pano&viewpoint=37.792955,-122.414409",37.792955,-122.414409
United States,California,"The AV was traveling straight when a Toyota, completing a left turn, made contact with the left rear corner of the AV. The Toyota drove away.",Chevrolet Bolt,Autonomous,Lower left tail lamp and rear fascia,No injury,Moving,Driver of another vehicle,Clear,Daylight,Dry,No,Unknown,Passenger car,30/06/2019,10:58,"https://www.google.com/maps/@?api=1&map_action=pano&viewpoint=37.794348,-122.406333",37.794348,-122.406333
United States,California,"The AV was traveling straight when it slowed down, the AV driver disengaged autonomous mode, and shortly thereafter, a cyclist proceeding straight made contact with the rear right fender of the AV. The cyclist left the scene.",Chevrolet Bolt,Disengagement,Rear right fender,No injury,Moving,Cyclist,Clear,Daylight,Dry,No,Unknown,Passenger car,26/09/2019,11:48,"https://www.google.com/maps/@?api=1&map_action=pano&viewpoint=37.794463,-122.404816",37.794463,-122.404816
United States,California,"The AV was proceeding in stop-and-go traffic through an active construction zone. At the same time, an e-scooter traveling near the right curb was passing other slow traffic behind the AV. Before the e-scooter could also pass the AV on the right, the e-scooter weaved away from the curb, seemingly to avoid a drainage grate, and came within a close following distance behind the AV. As the AV came to a stop again for traffic ahead, the e-scooter rider did not stop and rear-ended the AV. The e-scooter rider remained upright, did not stop to exchange information, and immediately rode off while the AV was still stopped.",Toyota Highlander,Autonomous,Cracker right tail light lens,No injury,Stationary,Scooterist,Clear,Daylight,Dry,No,Rear-end,Passenger car,10/04/2023,11:18,"https://www.google.com/maps/@?api=1&map_action=pano&viewpoint=37.793902,-122.404667",37.793902,-122.404667
United States,California,The AV was making a right lane change when a Honda CR-V entered traffic from a stop sign intersection on right without stopping and struck the AV.,Toyota Highlander,Autonomous,Rear passenger side door,No injury,Moving,Driver of another vehicle,Clear,Daylight,Dry,No,Unknown,Passenger car,25/02/2020,11:28,"https://www.google.com/maps/@?api=1&map_action=pano&viewpoint=37.795073,-122.403250",37.795073,-122.40325
United States,California,"The AV driver came to a stop behind a Ford Escape that was attempting to parallel park. While reversing, the Ford made contact with the front vehicle sensors of the AV.",Toyota Highlander,Conventional,No damage,No injury,Stationary,Driver of another vehicle,Cloudy,Daylight,Wet,No,Head-on,Passenger car,03/01/2022,11:30,"https://www.google.com/maps/@?api=1&map_action=pano&viewpoint=37.794469,-122.403165",37.794469,-122.403165
United States,California,"The AV was stopped behind a double-parked vehicle in the righ-hand lane of traffic with slow-moving same directional traffic to its left. The AV driver disengaged autonomous mode and initiated a lane change into the congested left-hand lane. Before the AV driver could complete this maneuver, a Nissan Maximain front of the AV shifted into reverse and proceeded to make contact with the AV.",Jaguar I-Pace,Disengagement,Rear right sensor,No injury,Stationary,Driver of another vehicle,Clear,Daylight,Dry,No,Unknown,Passenger car,16/09/2021,11:39,"https://www.google.com/maps/@?api=1&map_action=pano&viewpoint=37.795796,-122.401334",37.795796,-122.401334
United States,California,"The AV driver was departing from the Three Embarcadero Center garage facility, as the AV was leaving the garage, the garage gate began to lower and made contact with the AV.",Chevrolet Bolt,Conventional,Roof LiDAR assembly,No injury,Moving,No fault,Raining,"Night, with street lights",Wet,No,Hit object,Passenger car,02/05/2023,4:37,"https://www.google.com/maps/@?api=1&map_action=pano&viewpoint=37.795063,-122.397856",37.795063,-122.397856
United States,California,The AV driver was at a complete stop in response to a red light when a Ford Mustang approaching from behind made contact with the AV.,Chevrolet Bolt,Conventional,No damage,The AV driver reported injuries,Stationary,Driver of another vehicle,Clear,"Night, with street lights",Dry,No,Rear-end,Passenger car,24/05/2022,20:41,"https://www.google.com/maps/@?api=1&map_action=pano&viewpoint=37.794726,-122.396685",37.794726,-122.396685
United States,California,The AV was stopped in traffic for a red light when a Toyota Camry rear-ended the AV.,Jaguar I-Pace,Autonomous,Rear bumper,No injury,Stationary,Driver of another vehicle,Cloudy,"Night, with street lights",Wet,No,Rear-end,Passenger car,17/02/2024,1:03,"https://www.google.com/maps/@?api=1&map_action=pano&viewpoint=37.796917,-122.395806",37.796917,-122.395806
United States,California,"The AV driver stopped at the traffic light, when a Dodge Challenger traveling at less than 5 mph attempted to bypass the AV from the rear and in doing so hit the AV.",Nissan Leaf,Conventional,Rear right bumper,No injury,Stationary,Driver of another vehicle,Raining,Daylight,Wet,No,Rear-end,Passenger car,08/03/2023,16:11,"https://www.google.com/maps/@?api=1&map_action=pano&viewpoint=37.796852,-122.395754",37.796852,-122.395754
United States,California,"The AV was traveling straight when it slowed down. The AV driver disengaged autonomous mode, and shortly thereafter, an Audi Q4 made contact with the rear bumper of the AV.",Chevrolet Bolt,Disengagement,Rear fascia assembly and radars,The AV driver and monitoring operator later mentioned neck and back pain,Moving,Driver of another vehicle,Clear,Daylight,Dry,No,Unknown,Passenger car,28/11/2019,10:41,"https://www.google.com/maps/@?api=1&map_action=pano&viewpoint=37.796624,-122.395559",37.796624,-122.395559
United States,California,"The AV was stopped at a red light, waiting for traffic ahead with brake light illuminated. When the traffic light changed to green, surrounding traffic began to move. The AV appropriately continued to wait for a stopped lead vehicle immediately ahead, when a vehicle behind rear-ended the AV. The camera footage shows the driver of this vehicle holding their cellphone in their hand at the time of contact.",Toyota Highlander,Autonomous,Rear bumper,No injury,Stationary,Driver of another vehicle,Clear,Daylight,Dry,No,Rear-end,Passenger car,19/11/2022,13:24,"https://www.google.com/maps/@?api=1&map_action=pano&viewpoint=37.796539,-122.395817",37.796539,-122.395817
United States,California,The AV driver was turning left when a Kia Soul Sport reversed from a horizontal parking spot on the left and made contact with the AV.,Toyota Highlander,Conventional,Front left wheel,No injury,Moving,Driver of another vehicle,Clear,Daylight,Dry,No,Unknown,Passenger car,20/02/2020,9:24,"https://www.google.com/maps/@?api=1&map_action=pano&viewpoint=37.791685,-122.410841",37.791685,-122.410841
United States,California,The AV was making a right turn when a Ford Ranger made contact with the AV's rear bumper.,Chevrolet Bolt,Autonomous,Rear right fascia and rear center radars,The AV driver reported injuries days after the collision,Moving,Driver of another vehicle,Clear,"Night, with street lights",Dry,No,Unknown,Passenger car,24/11/2019,19:00,"https://www.google.com/maps/@?api=1&map_action=pano&viewpoint=37.790978,-122.417434",37.790978,-122.417434
United States,California,"The AV driver was traveling in the leftmost lane, as the AV driver attempted to parallel park behind a Hyundai Tucson, the AV made contact with the Hyundai.",Chevrolet Bolt,Conventional,No damage,No injury,Moving,In-vehicle AV driver,Cloudy,Daylight,Wet,No,Head-on,Passenger car,20/03/2023,17:57,"https://www.google.com/maps/@?api=1&map_action=pano&viewpoint=37.791546,-122.420371",37.791546,-122.420371
United States,California,"The AV was stopped at a red light, when the light turned green, the AV proceeded partually into the intersection, yielding to pedestrians in the left crosswalk while preparing to make a left turn. A Nissa Rogue parked behnd the AV on the right shoulder pulled out of the shoulder and made contact with the right side of the rear of the AV.",Jaguar I-Pace,Autonomous,Rear bumper,No injury,Stationary,Driver of another vehicle,Clear,Daylight,Dry,No,Rear-end,Passenger car,19/01/2022,14:23,"https://www.google.com/maps/@?api=1&map_action=pano&viewpoint=37.791462,-122.420862",37.791462,-122.420862
United States,California,The AV driver was proceeding straight in the left lane on a one-way street when a parked Toyota Tacoma on the left side pulled out of the parked position and made contact with the AV.,Jaguar I-Pace,Conventional,Front left fender,No injury,Moving,Driver of another vehicle,Clear,Daylight,Dry,No,Side swipe,Passenger car,28/04/2022,6:37,"https://www.google.com/maps/@?api=1&map_action=pano&viewpoint=37.791451,-122.421258",37.791451,-122.421258
United States,California,"The AV approached a semi-trailer truck that was stopped in the left lane of traffic. The AV stopped before maneuvering into the bus and taxi lane to pass the semi-trailer truck. As the AV was slowly maneuvering around the semi-trailer truck and merging back into the left lane of traffic, a Honda Accord traveling behind the AV attempted to pass the AV and made contact with the AV. The Honda left the scene.",Chevrolet Bolt,Autonomous,Rear right bumper,No injury,Moving,Driver of another vehicle,Clear,"Night, with street lights",Dry,Yes,Rear-end,Passenger car,04/09/2022,5:17,"https://www.google.com/maps/@?api=1&map_action=pano&viewpoint=37.791406,-122.421859",37.791406,-122.421859
United States,California,"The AV was traveling in the left lane when a Honda Accord traveling in the right lane behind the AV increased speed and maneuvered across the AV's lane into the parking lane to the left in an attempt to pass the AV. The Honda began to merge back into the AV's lane, the AV braked, but contact was made with the AV. The Honda left the scene.",Chevrolet Bolt,Autonomous,Front left mirror,No injury,Moving,Driver of another vehicle,Clear,"Night, with street lights",Dry,Yes,Side swipe,Passenger car,13/12/2022,23:51,"https://www.google.com/maps/@?api=1&map_action=pano&viewpoint=37.791390,-122.422047",37.79139,-122.422047
United States,California,"The AV was passing through the intersection on a green light, when a bag lying on the roadway blew in front of the AV. The AV braked for the object, and a pickup truck traveling behind the AV rear-ended the AV. The pickup truck left the scene. The AV was towed.",Chevrolet Bolt,Autonomous,"Rear right bumper, quarter panel, and rear windshield",No injury,Moving,Shared fault,Clear,"Night, with street lights",Dry,Yes,Rear-end,Passenger car,27/07/2023,23:51,"https://www.google.com/maps/@?api=1&map_action=pano&viewpoint=37.791330,-122.422455",37.79133,-122.422455
United States,California,"The AV was stopped at a red light, after the light turned green, the AV began to proceed. At the same time, a Hyundai sedan was traveling the wrong way on a one-way section of the street. The Hyundai entered the intersection across from the AV and the AV came to a full stop. The Hyundai continued traveling the wrong way through the intersection and made contact with the AV. The Hyundai left the scene. The AV was towed from the scene.",Chevrolet Bolt,Autonomous,Front fascia assembly,No injury,Stationary,Driver of another vehicle,Clear,"Night, with street lights",Dry,Yes,Head-on,Passenger car,24/04/2022,23:21,"https://www.google.com/maps/@?api=1&map_action=pano&viewpoint=37.791327,-122.422455",37.791327,-122.422455
United States,California,"The AV passed through the intersection, a Vespa scooterist approaching from the rear merged into the lane behind the AV. The AV began to brake, and the scooterist made contact with the AV.",Chevrolet Bolt,Autonomous,"Rear window, bumper, right rear headlight",The scooterist later reported injuries,Moving,Scooterist,Clear,Daylight,Dry,Yes,Rear-end,Passenger car,03/05/2023,9:31,"https://www.google.com/maps/@?api=1&map_action=pano&viewpoint=37.791178,-122.424195",37.791178,-122.424195
United States,California,"The AV was stopped at a stop sigh yielding to a pedestrian in the crosswalk as a passenger vehicle arrived at the intersection from the left. Once the pedestrian cleared the crosswalk, the AV started to proceed at the same time as the passenger vehicle to the left. The AV driver disengaged autonomous mode, bringing the AV to a stop and a Nissan behind the AV accelerated in the AV.",Jaguar I-Pace,Disengagement,Rear bumper,No injury,Stationary,Driver of another vehicle,Cloudy,Daylight,Dry,No,Unknown,Passenger car,20/08/2021,15:24,"https://www.google.com/maps/@?api=1&map_action=pano&viewpoint=37.789210,-122.439009",37.78921,-122.439009
United States,California,"The AV approached a motorized articulating boom lift, which was stopped in the AV's lane of travel. As the AV began to maneuver around and to the left of the articulating boom lift, the AV made contact with the arm of the articulating boom lift which was elevated above the roadway.",Chevrolet Bolt,Autonomous,Roof LiDAR assembly,No injury,Moving,AV technology,Cloudy,Daylight,Dry,Yes,Side swipe,Passenger car,14/06/2023,9:35,"https://www.google.com/maps/@?api=1&map_action=pano&viewpoint=37.788456,-122.445071",37.788456,-122.445071
United States,California,"The AV was approaching the intersection prior to making a left turn, yielding to an overtaking vehicle on its left proceeding straight. Once the overtaking vehicle completed its pass, the AV attempted to continue its left turn when a Honda Clarity directly behind the AV, attempting to turn right, made contact with the AV.",Chevrolet Bolt,Autonomous,Rear right bumper,No injury,Moving,Driver of another vehicle,Clear,Daylight,Dry,No,Unknown,Passenger car,09/04/2019,16:52,"https://www.google.com/maps/@?api=1&map_action=pano&viewpoint=37.787622,-122.445458",37.787622,-122.445458
United States,California,"The AV was traveling in the middle lane. A slower traveling van in the left adjacent lane began to initiate a right lane change in front of the AV, the AV driver disengaged autonomous mode and braked. A Honda CR-V EX traveling behind the AV then made contact with the AV.",Jaguar I-Pace,Disengagement,Rear bumper,No injury,Moving,Driver of another vehicle,Cloudy,Daylight,Dry,No,Rear-end,Passenger car,02/05/2023,10:31,"https://www.google.com/maps/@?api=1&map_action=pano&viewpoint=37.786988,-122.441343",37.786988,-122.441343
United States,California,The AV was traveling straight when a Dodge Journey made contact with the left rear bumper of the AV.,Chevrolet Bolt,Autonomous,Rear bumper and left tail light,No injury,Moving,Driver of another vehicle,Clear,Daylight,Dry,No,Unknown,Passenger car,12/06/2019,16:47,"https://www.google.com/maps/@?api=1&map_action=pano&viewpoint=37.786634,-122.440243",37.786634,-122.440243
United States,California,"The AV driver stopped the AV in the right lane of a three lane, one-way street while boarding a passenger. A Ford Fusion behind the AV stopped and then attempted to go around the AV, attempting to merge with traffic in the center lane but colliding instead with a third passenger vehicle and also making contact with the AV.",Jaguar I-Pace,Conventional,Rear left bumper,The passenger reported minor discomfort,Stationary,Driver of another vehicle,Clear,Daylight,Dry,No,Side swipe,Passenger car,05/02/2022,13:52,"https://www.google.com/maps/@?api=1&map_action=pano&viewpoint=37.788033,-122.433321",37.788033,-122.433321
United States,California,The AV was waiting for oncoming traffic to clear the intersection before making a left turn when a BMW 633CSi made contact with the right rear corner of the AV.,Chevrolet Bolt,Autonomous,"Rear right fascia, bumper and wheel well",No injury,Stationary,Driver of another vehicle,Clear,Daylight,Dry,No,Unknown,Passenger car,01/07/2019,9:46,"https://www.google.com/maps/@?api=1&map_action=pano&viewpoint=37.786871,-122.435139",37.786871,-122.435139
United States,California,"The AV was traveling straight as it crossed the intersection, a Buick Enclave began closely following the AV. The AV driver disengaged autonomous mode and stopped the AV. The Buick then stopped, reversed, and drove around the AV and made contact with the AV's rear left fender. The Buick left the scene without exchanging information.",Jaguar I-Pace,Conventional,Rear left fender,No injury,Stationary,Driver of another vehicle,Clear,Daylight,Dry,No,Side swipe,Passenger car,19/11/2021,11:11,"https://www.google.com/maps/@?api=1&map_action=pano&viewpoint=37.785266,-122.434787",37.785266,-122.434787
United States,California,The AV was executing a pullover maneuver and made contact with the left rear bumper of a parked Honda Civic.,Jaguar I-Pace,Autonomous,Front right bumper,No injury,Moving,AV technology,Cloudy,"Night, with street lights",Dry,Yes,Head-on,Passenger car,05/05/2023,20:48,"https://www.google.com/maps/@?api=1&map_action=pano&viewpoint=37.785467,-122.431030",37.785467,-122.43103
United States,California,The AV was stopped at a red light when a Toyota PK made contact witht the AV from behind.,Jaguar I-Pace,Autonomous,Rear bumper,No injury,Stationary,Driver of another vehicle,Clear,Daylight,Dry,No,Unknown,Passenger car,26/08/2021,16:15,"https://www.google.com/maps/@?api=1&map_action=pano&viewpoint=37.785265,-122.446410",37.785265,-122.44641
United States,California,The AV driver failed to properly navigate a roundabout median and made contact with it at approximately 28 mph.,Jaguar I-Pace,Conventional,Front bumper and undercarriage,No injury,Moving,In-vehicle AV driver,Clear,Daylight,Dry,No,Unknown,Passenger car,10/06/2021,7:07,"https://www.google.com/maps/@?api=1&map_action=pano&viewpoint=37.784525,-122.450154",37.784525,-122.450154
United States,California,The AV driver made contact with a Toyota Sienna that was pulling out of a driveway on the opposite side of the street while making a maneuver to avoid a parallel parking vehicle.,Chevrolet Bolt,Conventional,Left front bumper,No injury,Moving,In-vehicle AV driver,Clear,Daylight,Dry,No,Head-on,Passenger car,13/10/2018,12:28,"https://www.google.com/maps/@?api=1&map_action=pano&viewpoint=37.786498,-122.456843",37.786498,-122.456843
United States,California,The AV driver stopped behind traffic waiting to make an unprotected left turn. The AV driver attempted to make a right lane change to proceed around its stopped lead vehicle and made contact with a Toyota Corolla traveling in the right adjacent lane.,Jaguar I-Pace,Conventional,Front right bumper and sensor hardware,No injury,Moving,In-vehicle AV driver,Clear,Daylight,Dry,No,Side swipe,Passenger car,18/10/2021,12:33,"https://www.google.com/maps/@?api=1&map_action=pano&viewpoint=37.785989,-122.456766",37.785989,-122.456766
United States,California,The AV driver was proceeding through the intersection with the right of way when made contact with a Honda Civic that did not obey a stop sign.,Chevrolet Bolt,Conventional,Right rear passenger door and wheel well,No injury,Moving,Driver of another vehicle,Clear,Daylight,Dry,No,Unknown,Passenger car,26/10/2018,13:52,"https://www.google.com/maps/@?api=1&map_action=pano&viewpoint=37.784912,-122.462427",37.784912,-122.462427
United States,California,"While performing a multipoint turn, the AV was reversing at approximately 2 mph when it made contact with an unoccupied parked Nissan.",Jaguar I-Pace,Autonomous,Rear bumper,No injury,Moving,AV technology,Clear,"Night, with street lights",Dry,No,Unknown,Passenger car,01/09/2021,1:56,"https://www.google.com/maps/@?api=1&map_action=pano&viewpoint=37.786789,-122.466865",37.786789,-122.466865
United States,California,The AV was making a right turn when a Hyundai made contact with the AV's left rear bumper.,Chevrolet Bolt,Autonomous,Rear upper fascia and lower tail light assembly,The AV monitoring operator later reported injuries,Moving,Driver of another vehicle,Clear,"Night, with street lights",Dry,No,Unknown,Passenger car,25/06/2019,0:36,"https://www.google.com/maps/@?api=1&map_action=pano&viewpoint=37.784607,-122.468845",37.784607,-122.468845
United States,California,The AV was about to make a left turn after stopping at the four-way stop sign when a Mazda 3 made contact with the AV.,Chevrolet Bolt,Autonomous,No damage,The AV driver and monitoring operator later mentioned injuries,Moving,Driver of another vehicle,Cloudy,Dusk,Wet,No,Unknown,Passenger car,17/05/2019,19:30,"https://www.google.com/maps/@?api=1&map_action=pano&viewpoint=37.783906,-122.457791",37.783906,-122.457791
United States,California,"The AV was traveling straight when a vehicle in an angled parking space on the right backed out into the same lane as the oncoming AV. The AV driver disengaged autonomous mode, and pulled to the left to avoid the vehicle backing up. At this time, a cyclist made contact with the rear of the AV.",Chevrolet Bolt,Disengagement,No damage,"One day after the collision, the cyclist claimed injuries related to the event",Moving,In-vehicle AV driver,Clear,Daylight,Dry,No,Rear-end,Passenger car,28/06/2022,10:48,"https://www.google.com/maps/@?api=1&map_action=pano&viewpoint=37.782772,-122.468291",37.782772,-122.468291
United States,California,The AV driver stopped at a stop sign intersection and was yielding to a pedestrian in the crosswalk when a GMC Yukon made contact with the AV.,Chrysler Pacifica,Conventional,Rear bumper and hatch,No injury,Stationary,Driver of another vehicle,Clear,Daylight,Dry,No,Unknown,Passenger car,04/09/2020,12:20,"https://www.google.com/maps/@?api=1&map_action=pano&viewpoint=37.782689,-122.470719",37.782689,-122.470719
United States,California,"The AV stopped at a stop sign, when a passenger car approaching from behind made contact with the AV.",Jaguar I-Pace,Autonomous,Rear bumper,No injury,Stationary,Driver of another vehicle,Clear,Daylight,Dry,No,Rear-end,Passenger car,14/09/2022,9:41,"https://www.google.com/maps/@?api=1&map_action=pano&viewpoint=37.784155,-122.478761",37.784155,-122.478761
United States,California,"The AV was changing lanes into the left turn lane when the AV slowed down. The AV driver disengaged autonomous mode, and shortly thereafter, a Hyundai Elantra changing into the same lane made contact with the AV.",Chevrolet Bolt,Autonomous,Rear bumper,No injury,Moving,Driver of another vehicle,Clear,Daylight,Dry,No,Unknown,Passenger car,23/05/2019,19:36,"https://www.google.com/maps/@?api=1&map_action=pano&viewpoint=37.780904,-122.466809",37.780904,-122.466809
United States,California,The AV was stopped at a four-way stop when a Subaru Outback made contact with the AV's rear bumper.,Chevrolet Bolt,Autonomous,Rear fascia and rear center radar assembly,No injury,Stationary,Driver of another vehicle,Clear,Daylight,Dry,No,Unknown,Passenger car,07/12/2019,9:13,"https://www.google.com/maps/@?api=1&map_action=pano&viewpoint=37.783764,-122.490419",37.783764,-122.490419
United States,California,The AV was struck by a golf ball from a nearby golf course to the AV's windshield.,Chevrolet Bolt,Autonomous,Front windshield,No injury,Moving,No fault,Clear,Daylight,Dry,No,Other,Passenger car,21/06/2018,13:05,"https://www.google.com/maps/@?api=1&map_action=pano&viewpoint=37.786047,-122.494388",37.786047,-122.494388
United States,California,"The AV was traveling straight when a Chevrolet, traveling in the right adjacent lane, changed into the same lane as the AV and made contact with the rear corner of the AV.",Chevrolet Bolt,Autonomous,Rear right fascia and bumper,No injury,Moving,Driver of another vehicle,Clear,Daylight,Dry,No,Unknown,Passenger car,21/08/2019,13:13,"https://www.google.com/maps/@?api=1&map_action=pano&viewpoint=37.779818,-122.492775",37.779818,-122.492775
United States,California,The AV was stopped at a four-way stop when rear-ended by a Lexus.,Chevrolet Bolt,Autonomous,Cracked a rear sensor plastic casing,No injury,Stationary,Driver of another vehicle,Clear,Daylight,Dry,No,Rear-end,Passenger car,19/07/2018,14:56,"https://www.google.com/maps/@?api=1&map_action=pano&viewpoint=37.779220,-122.503121",37.77922,-122.503121
United States,California,"The AV was traveling downhill when a cyclist approached the AV from behind. The AV began to brake, and shortly therafter, the cyclist made contact with the AV.",Chevrolet Bolt,Autonomous,"Rear bumper, rear hatch, and rear window","The cyclist sustained injuries, police and emergency medical sevices (EMS) were called, the cyclist was transferred via EMS",Moving,Cyclist,Cloudy,Daylight,Dry,No,Rear-end,Passenger car,23/03/2022,13:24,"https://www.google.com/maps/@?api=1&map_action=pano&viewpoint=37.778464,-122.513610",37.778464,-122.51361